flipped,Unnamed: 0,data/circles/circles_sep_factor_0.4.csv,x,y,label,c1,c2
0,0,0,1.3528104691935328,0.08003144167344467,0,0.16025992013659507,0.8797224082996742
1,1,1,1.1955282802959937,0.4691210597236485,0,-4.9853695553998945,0.1557625765734173
2,2,2,1.3726344281288518,-0.15357992224608258,0,-4.888271653431182,0.2805899772848325
3,3,3,1.1880444119333895,0.03251907786977378,1,0.18511638887923051,4.975491824442313
4,4,4,0.9758490888907928,0.16579754371998995,0,0.006203414709366029,0.27363831030002284
5,5,5,1.0233306096004489,0.3953831646602485,0,-5.156390463483977,0.2107106425777696
6,6,6,1.1443222463438767,0.14966823686286992,0,0.5320924091720286,0.771146097054588
7,7,7,1.0780449795120737,0.21281789403726492,0,0.9427794095611935,0.3290161587235815
8,8,8,1.2848118517020262,0.12573709396294208,0,-4.998137262933866,0.11251295769933843
9,9,9,1.044900791058869,0.016562166725379638,1,0.7142998462937437,5.087327304830072
10,10,10,0.46754963756699,0.3386354099058314,0,-4.8945675025095925,0.1254884972364103
11,11,11,1.1464661426450615,0.07991786602936732,0,-4.996945341895938,0.3575196074409279
12,12,12,1.4225340859261526,-0.042183247754898234,0,0.12636752533060347,0.8818267622722838
13,13,13,0.9723142702579476,0.231483050610099,0,-5.003688353084507,0.3691611951062197
14,14,14,1.2638753404037588,0.5829035509245286,0,-4.873023524968571,0.63250897428825
15,15,15,0.9820460014345368,0.3846494982953821,0,0.9981989528446096,0.5146255360086313
16,16,16,0.7668192207114586,-0.06729264690620218,0,-5.070985418214612,0.1377248457779756
17,17,17,0.8676995596266609,0.3798418411426112,0,-4.998248438672178,0.6490695977908352
18,18,18,1.1758346220337956,0.6086005224415602,0,-4.967637423539088,0.8560349969338062
19,19,19,0.84439778810691,0.3270550363370358,0,-5.033379096035357,0.09321247404534404
20,20,20,0.7038348646291823,0.12273305564000507,0,-5.002012910387752,0.7536800891297916
21,21,21,0.563573014341017,0.8159343706114306,0,-4.922497673677583,0.6902112815189781
22,22,22,0.7937813238890822,0.3570203188626901,0,0.5526864711082139,0.8666605749971459
23,23,23,0.6356445072212296,0.6187941062862437,0,-4.95671623785,0.104091932133467
24,24,24,0.5535271105322734,0.43920561805892144,0,-5.080871753197953,0.3056953793966788
25,25,25,0.6869320915457036,0.5773804995718523,1,0.16207298502996548,4.993986211449632
26,26,26,0.7532032326467321,0.2819005725486477,0,0.9634699947451856,0.022017978886650247
27,27,27,0.8386914798342842,0.6214931690850801,0,-5.110412398579927,0.7340756777304887
28,28,28,0.8462246851867331,0.6138859287913003,0,-5.078910218025666,0.857978579001121
29,29,29,0.6942847903975113,0.498165334487004,0,-4.999875154421153,0.4533040523767575
30,30,30,0.6745249048197572,0.5158746199843649,1,0.4608030422931906,5.073359486822937
31,31,31,0.6339006616153056,0.25934259439603946,0,-5.015993978775704,0.278468962069366
32,32,32,0.8191786857765904,0.5407915930366579,0,0.004787385241172171,0.0050518700050873324
33,33,33,0.4444735733825803,0.7299804408538445,0,-5.083195749321711,0.18630351666635606
34,34,34,0.5755353827751081,0.6638096831493332,0,0.11389410481136343,0.9798641184223712
35,35,35,0.8889629379129016,0.6949271885103403,0,-5.059815045251648,0.8672860771213566
36,36,36,0.9568487643300716,0.4375819418579581,0,-5.152003928519206,0.2665046387489214
37,37,37,0.7949410078683132,0.5627013223253028,0,-4.9582146296782685,0.9637488571210464
38,38,38,0.5255039106769892,0.5987027466799202,0,0.9417421432655166,0.36771261595328586
39,39,39,0.6222365995032142,0.7402016958673604,0,-5.004001872535163,0.2975853747511801
40,40,40,0.43610063820218703,0.9233101228682316,0,-5.125978734340527,0.15280763544988518
41,41,41,0.7465530919361976,0.4497463183963115,0,-4.997137949581222,0.901611069510674
42,42,42,0.9350744285078101,1.1496910779819058,1,0.731930277681536,5.1974099948241905
43,43,43,0.8569036945102406,0.7477084901633695,0,-4.865737798948965,0.32741140405268243
44,44,44,0.3904485905602664,1.0074202634104237,0,-5.0739935852965266,0.7034304233584269
45,45,45,0.5071498628978373,1.053506008451433,0,-4.868486233427903,0.33530340980955464
46,46,46,0.6123685632998039,1.0164770164304464,0,0.6166184435520741,0.10499073930545523
47,47,47,0.6246648286782246,0.9742358743484892,0,0.9004101465401794,0.3926923068823239
48,48,48,0.5379267991231609,1.2015020242831822,0,-5.032345747248343,0.551569960761176
49,49,49,0.5434094279138544,0.9357621328494468,0,-4.9802171832150135,0.12301675917649425
50,50,50,0.8766301394112509,0.5964735915559494,0,-4.9902249197577815,0.8182727747897611
51,51,51,0.22765667440456866,1.0701860216754655,0,0.6603385959782224,0.4973631168932895
52,52,52,0.2286713540970298,1.2749278163610729,0,-4.8598476583994765,0.23438295250457294
53,53,53,0.3619113830329781,0.7462207979512614,0,0.7912815522324937,0.5927595785429434
54,54,54,0.8103676968611497,1.2009300107529044,0,-4.984156615321448,0.7932593060544021
55,55,55,0.7802484351611143,1.094754389297678,0,-5.114190141920385,0.3276243490519758
56,56,56,0.21527044944116253,1.3038761422083072,0,-5.131097037044121,0.7014763244005944
57,57,57,0.314523878494402,1.0902677650475303,0,-5.153292105343013,0.42785917998068734
58,58,58,0.5380224408765649,0.9062799708737246,0,-5.171197016409423,0.9640511688456008
59,59,59,0.4516825208077994,1.1288177045507863,0,-4.995386494104432,0.7709400866027316
60,60,60,0.3843021006060733,0.7311763581783146,0,-5.095837448022657,0.3563509025220209
61,61,61,0.34867943178568306,1.2225966768694734,0,0.25052058641717856,0.017747959061762075
62,62,62,0.13000624866899282,0.933235658732124,0,-5.008081161294374,0.657519895380428
63,63,63,0.16165917682052747,1.3384359068244995,0,-5.070385903599044,0.1978721585848523
64,64,64,0.36280982151314295,1.0550712701213822,0,-5.0770784300706575,0.12187917564913275
65,65,65,0.05392847592869615,1.0859974389921692,0,0.16967811557406987,0.9317764513967938
66,66,66,0.05251478245424948,0.9886533623835588,0,0.1594690923411588,0.9999489702149168
67,67,67,0.03959953104032615,1.1212826960598048,0,-5.048084534087273,0.2698888205643851
68,68,68,0.2614011918854001,0.9476125818473894,0,-4.929641444535662,0.301768552165938
69,69,69,0.2045345760966336,0.7735023995683766,0,-4.9070854852231305,0.1649889392381687
70,70,70,-0.19372305527346748,1.0824002356211806,1,0.13159685036669,4.910259049636866
71,71,71,0.11701254240682145,1.1234991466279256,0,0.039210539213897055,0.8658437598357476
72,72,72,0.5394194745021019,1.1869226258263543,0,0.025231827287816144,0.7015059521248778
73,73,73,-0.140688791359632,1.222526087718029,0,0.2715502900064757,0.8463315580765877
74,74,74,-0.2422390622189472,0.9074637625119036,0,0.4618534421619371,0.2284816556735805
75,75,75,-0.013648321064925964,1.3426685443298734,0,-4.962882744735096,0.7304560674084801
76,76,76,-0.1698933842930447,0.8344929757430426,0,-5.098982254954712,0.9185266283960604
77,77,77,-0.06156615861428586,0.8664271728264369,0,-4.9356368724546655,0.2814161142143904
78,78,78,0.1625366648919882,0.7820404267555869,0,0.035219804575407083,0.6906535435911851
79,79,79,-0.3131715738145358,0.9089288503006177,0,-4.931110333339206,0.4006574116898545
80,80,80,-0.20413495340611432,1.3804283061316704,0,0.3385144927701427,0.2902266451589226
81,81,81,0.06455092782084804,1.0096249495915162,0,-4.9725352796387545,0.9696234687543496
82,82,82,-0.3911701323284449,1.1581449282432978,0,0.8527361578939424,0.3486332299682927
83,83,83,-0.3668118161940149,0.6770418177149826,0,0.35020195195657644,0.10784968126068728
84,84,84,0.05022464388473597,1.0456757731136586,0,-5.060362043601909,0.3885892096203356
85,85,85,-0.02373992606159531,1.04189313132241,0,-4.9291140424632855,0.4476782909599824
86,86,86,-0.0569847477301173,0.8433737842131309,0,-4.957718142532333,0.7522108254992379
87,87,87,-0.4555384555217475,1.1049020647849566,0,-5.311685659159913,0.9499142669470028
88,88,88,-0.4296017534500338,0.8252526112476181,0,0.5715501954169343,0.8170569837942127
89,89,89,-0.38013829764794,0.9608153293370788,0,0.9835554181712204,0.9309413112551059
90,90,90,-0.379815776625644,0.6760662576115499,0,0.0015945706042945762,0.4750601299749311
91,91,91,-0.4575903273051611,0.4996957397925957,0,-4.935554796658896,0.7193165682364342
92,92,92,-0.2235257571163775,0.616870458370542,0,0.7791109940193555,0.30904958501240243
93,93,93,-0.5890012205703679,0.9402095017404464,0,0.8051274852078378,0.06958710851901795
94,94,94,-0.5354281857303655,1.2304660706698478,0,0.7692471190327554,0.3654735253259935
95,95,95,-0.6653080250204898,0.9669556315124376,0,-5.191374267086151,0.6979152283282977
96,96,96,-0.43363585521057146,0.6712083529177801,0,0.978856981023056,0.2746221102480437
97,97,97,-0.3399798470785765,0.8614024939949634,0,-4.933643842340862,0.8614058956415209
98,98,98,-0.308937924877128,1.0509044100239608,0,0.6019436981131123,0.7907728499829019
99,99,99,-0.049106484245577016,1.1436122699311422,1,0.0633690045488483,5.060216348957606
100,100,100,-0.5738363675884885,0.8181495682692536,0,0.4098574499073387,0.33083676249080674
101,101,101,-0.2980950901957073,0.9864170063050264,0,-5.015407239842483,0.8253026175490917
102,102,102,-0.407800489759478,0.5209367166398483,0,0.2387388407706993,0.2439377895112994
103,103,103,-0.558256774123131,0.6853150588689618,0,-4.88063883192508,0.33160214566713064
104,104,104,-0.514728647875784,0.8015191312051125,0,0.6867833676432891,0.3430669324230867
105,105,105,-0.4057494706739546,0.8724606374132079,1,0.28757538285757145,5.133623509081263
106,106,106,-0.4473335224405796,0.7032460986770077,1,0.7689989227058563,5.134235369125795
107,107,107,-0.8100370314619599,0.7016835186853303,0,0.0831647718081091,0.0737869831214143
108,108,108,-0.6408280725209774,0.8463435898868059,0,0.9747744225104564,0.5784515481629375
109,109,109,-0.20155881385193453,0.7485436253196281,0,-5.009816121120593,0.39711199099606653
110,110,110,-0.8603196064574133,0.6739484703375171,0,-5.088661426005611,0.6328853196107076
111,111,111,-0.7772663008579073,0.8252649221761043,1,0.2528538777482612,5.047780856261647
112,112,112,-1.0078227434022902,0.7271250784728699,0,0.7578241076908905,0.9095826774815609
113,113,113,-0.683171372039728,0.7460995477534208,0,-5.014735366458284,0.7609418871744561
114,114,114,-0.8484318412144839,0.6369627599814874,0,0.2542400891795997,0.06774622055039603
115,115,115,-1.0279570072739004,0.5704666296864196,0,0.7491006066497199,0.7839054772850341
116,116,116,-0.8655673508550998,0.7366306132423908,0,-4.894019370506623,0.9695823723122512
117,117,117,-1.0017497291401716,0.7936636100906885,0,-4.997375338213841,0.9424356205874731
118,118,118,-0.4847965484275661,0.207150775275604,0,0.3936297458372753,0.7354837980254477
119,119,119,-0.7112781718685761,0.7399807218684241,0,-5.011433515987238,0.1235937534812156
120,120,120,-0.9365043994853932,0.5083308894267137,0,0.5681622441809498,0.5760767658404541
121,121,121,-0.847725324651095,0.5111553918040865,0,-4.925644648449167,0.2842327288404888
122,122,122,-0.8947238345195236,0.2181907879773491,0,-4.978964063337019,0.9702129436362472
123,123,123,-0.6138616125453908,0.7517505133863612,0,0.4972313969773726,0.7174857253616094
124,124,124,-1.0180371120013472,0.2247421438126278,0,-5.000592740583323,0.6107655897874192
125,125,125,-0.7618124284938868,0.3848424060373871,0,0.1439765340953817,0.6950880426047262
126,126,126,-0.8479160473797075,0.41788799067269655,0,-4.863393993159668,0.4379791291096805
127,127,127,-0.7478958290171772,0.6022458638510632,0,-4.8444885967940925,0.37273675143760665
128,128,128,-1.0408312359321297,0.16796238810591665,0,0.4086773974546853,0.9357995794399642
129,129,129,-1.2214147319330355,0.547855167386514,0,-4.93866737736713,0.33192713479268665
130,130,130,-1.151317309199407,0.3053733722160629,0,-5.028595915148517,0.04143613173271932
131,131,131,-1.041125959278602,0.3770021271981939,0,-4.850308900647917,0.4008401541544574
132,132,132,-1.3170324470575527,0.4058802720434439,0,0.02719779440792025,0.7903403526216722
133,133,133,-0.8325037847250503,0.3662564647307476,0,0.3175036991866854,0.6484683580489194
134,134,134,-1.0065536045771752,0.34834667999234004,0,-4.881688044266829,0.9621707754778748
135,135,135,-0.8712472471671275,-0.2455015569103825,0,0.4866060912814587,0.10620186761913764
136,136,136,-0.5661370358819282,0.3670504614820573,0,-4.928110283447171,0.9115463022293834
137,137,137,-1.093644283275062,0.19072914557774592,0,-5.121607658074586,0.3688491939140621
138,138,138,-0.8698348056587932,0.225469099357982,0,0.4884424667302759,0.4740025854219123
139,139,139,-1.3797157964294589,0.64124944238252,0,-4.985932809669205,0.4284821544892344
140,140,140,-1.0002557321803,0.4119462331609197,0,-5.074367217470087,0.11645228109244145
141,141,141,-1.1206972202855672,0.4946567254348845,0,0.5749903272741144,0.2477964557251887
142,142,142,-0.9287272992920492,0.2885375136111928,0,-5.015901225155436,0.7422715692297921
143,143,143,-1.1983230061923793,0.3883120864989521,0,-4.975994307070328,0.0230075418456952
144,144,144,-0.8541510684075201,0.3857024794773041,0,-4.989984059190936,0.13388777438627453
145,145,145,-1.1201394072965891,0.008323039575496183,0,-5.0475175105829235,0.025210168791350074
146,146,146,-0.535709519712716,-0.12832532121199372,0,-4.872704625108009,0.8573880573235492
147,147,147,-1.0252166685639357,0.2901687920498527,0,-5.1696131266831555,0.6173248277817797
148,148,148,-0.9795778365558871,0.15846638967985854,0,-4.926981646887039,0.16992866211855884
149,149,149,-1.0796704893274205,0.09495359745286086,0,0.2305946366587215,0.7687722230537536
150,150,150,-1.2613053703470634,0.3316261359236382,0,-5.1857483271594536,0.9668005974515538
151,151,151,-1.0234134925005594,-0.15697806068272652,1,0.9482967516582632,5.201186426312656
152,152,152,-0.8658462136924755,-0.13401961120690978,0,-4.961740186327654,0.9215475478121652
153,153,153,-1.2648784227088223,-0.3321340206888239,0,-5.088690432628388,0.007810215405743227
154,154,154,-0.8577382287114779,-0.11559253096156842,0,-4.912169624226747,0.5890134889852785
155,155,155,-1.0212622073019613,0.11102029792759953,0,0.2580359567417546,0.25663261663902925
156,156,156,-1.2174798630658266,-0.2714687841372688,0,-4.9913547475992415,0.5646472143098588
157,157,157,-1.0662482947992435,-0.12721271069899645,0,-4.975229362153319,0.31803028916055465
158,158,158,-0.9944303273286208,-0.22414618519408347,0,0.2304003143071756,0.1536665427726126
159,159,159,-0.9946125311478182,-0.2088423698439593,0,0.42669141218392,0.4444937233583467
160,160,160,-1.1220684784441644,-0.37051028852857454,0,-5.101827932556684,0.4950963271763734
161,161,161,-0.9186756313283724,-0.4065338867097611,0,0.5456289245734854,0.9897655068476244
162,162,162,-1.200054212966802,-0.3111483373899933,0,-5.065457013499758,0.04238788413854011
163,163,163,-0.9946959700304214,0.1824248788443764,0,-4.979278260658906,0.3011551988972766
164,164,164,-1.0982595527033143,-0.10037965195057204,0,0.7399462420484398,0.8518938450883227
165,165,165,-0.8016188494542273,-0.5468059854156941,0,-4.94164300730907,0.6596954981260428
166,166,166,-0.7897257747569613,-0.5656427747772463,0,0.414438025228521,0.8266830318458959
167,167,167,-1.4691164370912395,-0.2273081424499385,0,-4.707090375823613,0.6602909185597778
168,168,168,-1.2809546025757954,-0.2779376603234945,0,-4.977714167689651,0.7595363091461329
169,169,169,-1.0586653311359442,-0.05560542721412809,0,0.18420430651882716,0.4929217499970573
170,170,170,-0.6998435777793992,-0.4974138038460774,0,-4.902396247463106,0.2048776928975975
171,171,171,-1.0423945746717562,-0.6685947721838964,0,0.1835044670713385,0.8100038608371999
172,172,172,-0.9838962866979312,-0.500706278221829,0,-5.1556933932509255,0.5678206546639691
173,173,173,-0.9591422881095519,-0.43195526406538864,0,0.5358829812761117,0.13950519378682968
174,174,174,-0.760602380498088,-0.4118227827030802,0,0.6676338014584673,0.8048940268708661
175,175,175,-1.0188541885657274,-0.7875582947603155,0,-5.132989186133408,0.9585859103625782
176,176,176,-0.5824578905400124,-0.6559168462831175,0,-5.0355494774608465,0.3461638726284658
177,177,177,-0.974786645489019,-0.6400646574392186,0,-5.119742769563857,0.2935122520864435
178,178,178,-1.2015351507414296,-0.6489863500514409,0,0.7083602670365968,0.08177517820756608
179,179,179,-0.9170803719352941,-0.4466419080157287,0,0.3927589459044728,0.6644912264494156
180,180,180,-0.6693255645534806,-0.5870310744752189,0,-4.851360074653361,0.9589616184964967
181,181,181,-0.6101602432013359,-0.536606118102122,0,-5.041021869278033,0.13599268999160766
182,182,182,-0.7868298796463509,-0.5889621466186654,0,-4.861781811160687,0.4851596313193155
183,183,183,-0.8086439414920694,-0.7163938925553793,0,0.4090215115928747,0.09823818465324784
184,184,184,-0.81054176303055,-0.8790228702841064,0,0.332248916442747,0.034109903709815814
185,185,185,-0.6870564844141352,-0.8677553285447741,0,0.9895250829450272,0.6645010506676454
186,186,186,-0.5606423746066844,-0.7344388219608782,0,-4.851321752591437,0.8676871753434979
187,187,187,-0.7045736833027855,-0.6008959852571739,0,-4.9957220280116434,0.3375705361260297
188,188,188,-0.57100044750078,-1.0285973613594936,0,0.10201953136380736,0.8757651744100993
189,189,189,-0.7259278411614833,-0.5529328450052549,0,-4.949820024619236,0.1170530991510319
190,190,190,-1.0087517702453097,-0.6656887303983814,0,0.7080749334877576,0.2379606819174762
191,191,191,-1.1045334498705437,-0.9614964243788768,0,-5.00560994733409,0.9016067269067184
192,192,192,-0.6296978793806527,-1.1018562632401796,0,0.21727563002800832,0.5085098936906702
193,193,193,-0.8182499278151407,-1.078060458818557,0,-4.946156299964546,0.6081923837970241
194,194,194,-0.27497212842086344,-0.7636843669267289,0,0.7240725264090636,0.03801823254250791
195,195,195,-0.4743271967219394,-0.8535520144779782,0,0.20339584199869565,0.12838991014788892
196,196,196,-0.641399917435872,-1.14444404686391,0,-4.9516658148219435,0.05579081250085316
197,197,197,-0.6117590217929167,-0.9852196830724241,0,0.3198073353960721,0.9050007399496692
198,198,198,-0.3642420101205298,-0.6161075521705001,0,-5.012364962589203,0.13479496387094705
199,199,199,-0.22471126625829474,-0.6848538722682602,0,-4.949503001853715,0.8496728266087545
200,200,200,-0.6197307873845976,-1.0892048009765172,0,0.04585035510228097,0.35103469937245313
201,201,201,-0.3284210377726989,-0.8050481165494053,0,-4.827630372433273,0.80059749636578
202,202,202,-0.8170037252552682,-0.8151072206824607,0,-4.928698377028907,0.3650435474567474
203,203,203,-0.28173121468735496,-0.8839266424030865,0,0.5383684384690157,0.2676840396928765
204,204,204,-0.4627900257669412,-1.0663567499892903,0,0.5724502181565561,0.09366070118905724
205,205,205,-0.6960435829884785,-0.7534858677745951,0,0.22477732839266465,0.2807065905741337
206,206,206,-0.44933847540644506,-0.9685564838972388,0,0.8477393315953481,0.47147971671728
207,207,207,-0.02158031530085192,-0.7928762645164129,0,0.5613987175911241,0.8175087988967955
208,208,208,-0.274407047065595,-0.9088696284544444,0,0.7132460130406766,0.4525149547686978
209,209,209,-0.02486767458542927,-0.6004585087542421,0,-4.967420038635939,0.9714355749376176
210,210,210,-0.12311597207904193,-0.8346115980155686,0,-4.987523047895679,0.541633010854823
211,211,211,-0.7079524111857011,-0.9325751146853658,1,0.8810666126765085,4.922132452734239
212,212,212,-0.2949412114540066,-0.9443719209205444,0,-5.10126731237686,0.4153673001912725
213,213,213,-0.060080669700351724,-1.5165185945665425,0,0.0334072926151201,0.6888991073865137
214,214,214,-0.3422132808046937,-0.9195980318850078,0,-5.102729687707546,0.2342916462498248
215,215,215,-0.3012808000283123,-1.2615288233590576,0,-4.967664346851974,0.6986299508481587
216,216,216,-0.01358861720636642,-0.9269128695594628,0,-5.136939112404716,0.5036973051815162
217,217,217,-0.3609896608049996,-0.92303259616734,0,-5.076632759896358,0.025737775583115297
218,218,218,0.018234113847546723,-0.9882138037031161,0,0.31840293461058755,0.7743529494802057
219,219,219,0.034779727121894755,-0.9764626662821456,0,0.7289476961434229,0.5603737038140751
220,220,220,-0.1835742597985251,-1.2264059986482558,0,0.5691959722309445,0.08249350308109338
221,221,221,-0.10086399672663833,-0.95763427164035,0,-4.871848865963587,0.475214033462273
222,222,222,0.11237603278815213,-1.0210482221257169,0,0.8301965798350519,0.28729288177474666
223,223,223,0.049607467514998296,-1.1920452328456042,0,0.8429348593012821,0.8796815425879331
224,224,224,-0.17746825104886266,-1.021858543280223,0,-4.808577030293718,0.2849270528072487
225,225,225,-0.21092569279700304,-0.8359504325350637,0,-5.166595607679771,0.9416870709741988
226,226,226,0.1135684857470778,-0.9439615305963548,0,0.9262658801405841,0.5461327493471125
227,227,227,0.10965647877238842,-0.5949141178018988,0,-4.8373350437698415,0.3236137095467213
228,228,228,-0.030982318064046305,-1.4383149855283832,0,-5.021143829084557,0.8135450174175773
229,229,229,0.12353788271160758,-1.0066135674418375,0,0.5421869540924683,0.6974003783657658
230,230,230,0.0010246547655723417,-1.1902878672400274,0,0.35600725963490704,0.4139624956958795
231,231,231,0.03749532920387375,-0.9558470154709138,0,-5.001500508703137,0.6296183027065931
232,232,232,0.04551968843390354,-0.5067815970542386,0,-5.011341163064274,0.7785842640282813
233,233,233,-0.025332129610528192,-1.1446195096120395,0,0.612180873070558,0.8515577942834893
234,234,234,-0.2703426934171814,-0.9319903677243812,0,-4.891945587297451,0.8164127137140637
235,235,235,-0.1953696347421935,-1.086038527408706,0,-5.1607676579043185,0.16607708859341794
236,236,236,0.17321676319854404,-1.115524496042538,0,-4.9543836388644875,0.8283895525035856
237,237,237,0.5964644226557563,-0.7697042828655315,0,-5.094487019738801,0.05862905888377212
238,238,238,0.5327471958755806,-1.139646330507642,0,0.9156528409858125,0.2001706815505686
239,239,239,0.5147506098473846,-0.858119308263275,0,-4.942921147061843,0.6229267200659891
240,240,240,0.4632981841103163,-0.7451687505386002,0,-4.845720366170696,0.11469252544690435
241,241,241,0.14711399754677204,-1.0292398944330614,0,-5.000041732641262,0.6033475950562001
242,242,242,0.5210912495875045,-1.4684058080868785,0,-4.96258449140292,0.3079656913635638
243,243,243,0.6707901691993186,-0.8191500730467347,0,-4.9590448221762315,0.4294665851546483
244,244,244,0.3783747943200551,-0.8777616204370663,0,-5.079959349967049,0.31515150344547804
245,245,245,0.20074958641400445,-0.983534130560422,0,-4.848836065011568,0.07017356786490447
246,246,246,0.6458361592091466,-0.6452226580007756,0,0.5402228047861908,0.5007587529219609
247,247,247,0.9838799896976432,-0.910496693495496,0,-4.829353175273901,0.9635994443948874
248,248,248,0.3315854417588603,-0.9890503724192128,0,-4.929821662788297,0.6117833481601271
249,249,249,0.278145299044242,-0.8918776312320341,0,-4.992671456799235,0.3000318716171253
250,250,250,0.576546486002453,-0.8728738598908298,0,-5.046189381535427,0.9561498341240192
251,251,251,0.7372963785062897,-0.9022074204294142,0,-5.0626490223149085,0.38923725195222736
252,252,252,0.4663366644792834,-0.9605816208740806,0,-4.828916341745335,0.6975177338688435
253,253,253,0.2268646439964448,-1.1464747855717905,0,-4.858558495727097,0.6341128049224443
254,254,254,0.3348819815568935,-0.5608635948007523,0,-5.006366148878955,0.9529108480388516
255,255,255,0.7668373068704589,-0.5340241810963495,0,-5.157993052967114,0.9146026944948371
256,256,256,0.33815678394347404,-1.1902548559814008,0,0.028256682971756764,0.14800405635003122
257,257,257,0.4891365162514929,-0.7485296666666349,0,-5.283201186990898,0.08568587472942246
258,258,258,0.7371620447306548,-0.5609188115821789,0,-5.108342666026428,0.8096423277988296
259,259,259,0.7102765381515477,-0.4084612995206308,0,-5.013062039599512,0.904943213296823
260,260,260,0.6246094701691937,-0.925760669085754,0,-4.8599310965557,0.4929736039228994
261,261,261,0.34830346282980124,-0.9067628990405022,0,-5.065165620905779,0.6907612738337751
262,262,262,0.7480869327103897,-0.8922167311035298,1,0.6037829038425656,5.030301105045616
263,263,263,0.9018211723398544,-0.41719779930587736,0,-4.9495184543659505,0.21980439785647188
264,264,264,0.2550512463760907,-0.5117366458291593,0,-4.869681903835157,0.14937619465672114
265,265,265,0.2952240137450463,-0.5888307953408013,0,0.6451385335716601,0.601160583550034
266,266,266,1.001969168490488,-0.6404493827213905,0,-4.987146368314394,0.19753989376610714
267,267,267,0.514575408134941,-0.7545102306042448,0,-5.0142447868788835,0.05984631555085064
268,268,268,0.7313643681836595,-0.6575967370362991,0,0.6143675117683143,0.3022072827360107
269,269,269,0.7559505498708624,-0.6265756707242381,0,0.06785581770377548,0.6772124291139527
270,270,270,0.8517130041569811,-0.8294999830391175,0,-5.1308763514238604,0.5778637242618545
271,271,271,0.7727452431596598,-0.26706133361329104,0,-5.120247530820444,0.3307249654946358
272,272,272,0.7559921560815954,-0.6421587678743845,0,-4.958390036558417,0.8334788758433764
273,273,273,1.0599673862448622,-1.0476637282478165,0,-5.020090753320092,0.2762691080120896
274,274,274,1.0916399804181631,-0.6444077609741645,0,-4.9877468682346695,0.2605476383656826
275,275,275,0.8988111182749557,-0.4807357288157611,0,0.2569754591527016,0.5599474107895882
276,276,276,1.064800303887942,-0.5352726233487857,0,-5.004727771569625,0.4782156398457757
277,277,277,0.7505984229183245,-0.2037268769896424,0,-4.933585595064135,0.4459726606003607
278,278,278,0.4228769968111764,-0.4405683428438796,0,-5.078468741142943,0.15578561895406715
279,279,279,0.6352419679401953,-0.5780939692163848,0,-5.033558064358317,0.5046461916329911
280,280,280,1.315796793935228,-0.4156557283669723,0,-4.810381777136684,0.25901891727544424
281,281,281,0.9608770910187766,-0.7438281575932215,0,0.96492794294553,0.3921798826190154
282,282,282,0.7839675541293121,-0.3288130725389217,0,0.9620232533557238,0.7335704476706063
283,283,283,1.0082335281145351,-0.2251947364431597,0,-5.079978613838577,0.9368628255593556
284,284,284,0.9461019500209961,-0.22346580504765198,0,-5.0281575430800105,0.7738629651893243
285,285,285,1.0418128988222901,-0.6749650765758548,0,-5.058938670197857,0.4056338946232637
286,286,286,0.9647206419140972,-0.13545131539793145,1,0.9514108146164076,4.831461789512877
287,287,287,1.0811385309445618,-0.3416915826094247,0,-4.955521863759276,0.7464978158757042
288,288,288,0.8074578596207573,-0.4723522720291818,0,0.5846628638893966,0.4142210500958915
289,289,289,0.9473681005648776,-0.001734894198712339,1,0.3035488506537072,5.019785330956715
290,290,290,0.5877867804374851,-0.3398900367636595,0,-4.897760767755793,0.13524329595586326
291,291,291,0.7543267596433336,-0.030389810337625525,0,-5.0498211618586115,0.7362608014758756
292,292,292,0.8751341117562447,-0.26089627834706103,0,-5.043141434110469,0.8385085908076249
293,293,293,0.9458824189756584,-0.057004378383453035,0,-5.027898160530302,0.31658441102995283
294,294,294,0.9136369016845504,-0.7345618445242901,0,0.2484254759736073,0.7835077656425353
295,295,295,1.103184273645777,-0.016719871733245798,0,-4.947016621652503,0.6102130583369875
296,296,296,0.9525846535832616,-0.3004851674667028,0,-5.073939530251018,0.784083046403244
297,297,297,1.0683827505645431,0.013056587177803213,0,0.4630443815212914,0.4113373831496644
298,298,298,0.9051162535586834,-0.08522194784430766,0,0.9160509082749909,0.7475763636496067
299,299,299,0.8137493829699812,-0.05666023830082353,0,0.6687825429922609,0.408509117897626
300,300,300,0.08991413098330381,0.0834637642063671,1,0.07247392424885613,5.066200536645191
301,301,301,0.21103857522507946,0.055997597519805216,1,0.005494817809162722,0.5505789181349441
302,302,302,0.11845654878596353,-0.1012612676822281,1,0.27624766746925433,4.965912558943053
303,303,303,0.3771128103581231,-0.3070237545621273,1,0.3626929347939404,0.2528798872015772
304,304,304,0.42162671832782017,-0.04235837524305836,1,0.7767496690467758,4.848002554041413
305,305,305,0.0493375185854632,-0.21883716551540167,1,0.9670055239303668,4.978346712815017
306,306,306,0.5178698973422245,0.2292444905359865,0,-5.037595996597126,0.0391261114322814
307,307,307,0.3693272052292019,0.13938557383306413,1,0.6866900298168611,4.921577861746561
308,308,308,0.4391671274907842,0.13263209511198853,1,0.9949019073529632,5.073129362084037
309,309,309,0.6501117017075342,-0.22644715380856456,1,0.7456665838750144,4.96567649455449
310,310,310,0.5265511867658471,0.006762885211539671,1,0.6361895490858445,0.7991832081050435
311,311,311,0.34457977429893605,0.03089040195324828,1,0.07807485417830429,0.19996658590792427
312,312,312,0.3124038411191957,-0.14576328349066192,1,0.32321520119473024,5.0070774075900655
313,313,313,0.4219328665705836,0.4417565348038778,1,0.9133921584571568,0.2479272282536652
314,314,314,0.3717011949230755,0.11533571023076948,1,0.2010054816809057,4.959452754285933
315,315,315,0.2429627990867287,0.10011188846635666,1,0.8435903592732081,0.07681845397749132
316,316,316,0.4709838333017986,0.05749817055456472,1,0.6963236850805055,0.05535631313436384
317,317,317,0.2841519875863564,0.22008172696137546,1,0.36632437083075453,5.043393896823028
318,318,318,0.1883096403914915,0.1977491464892457,1,0.5291742697126566,4.981640923652945
319,319,319,0.5328096200876846,0.4269959429167381,1,0.5428064687528136,5.032519871468708
320,320,320,0.347341781601651,0.4362141051916628,1,0.7140537850738863,0.8440937119585831
321,321,321,0.5688127982827115,-0.02893081144818418,1,0.5165559410991961,0.7937512496926533
322,322,322,0.114697001777135,0.1168613441030869,1,0.13307599018416627,4.74066114352583
323,323,323,0.5602685302114567,0.1708610125359437,1,0.7734546715219126,5.009725087697778
324,324,324,0.2303911604859878,0.5031501056503983,1,0.4062724969061188,5.041391367011023
325,325,325,0.4037910591144448,-0.2641188551581484,1,0.9630938902119272,4.980071994508541
326,326,326,0.4055778293227405,0.31121892666342565,1,0.2835137822930344,5.066939247139255
327,327,327,0.3828529010950269,0.3042731380379972,1,0.2630787802965846,0.6926616462839036
328,328,328,0.3197133744994435,-0.04232255423160925,1,0.3335073956751826,0.3995204466363517
329,329,329,0.25431888300939104,0.03916226796251435,1,0.5723170159586255,5.073860702899282
330,330,330,0.13705861559110344,-0.017499568903465827,1,0.8948697402009823,5.13042138918495
331,331,331,0.4091097857376078,0.2614188750274753,1,0.1762816401400148,0.797237891643355
332,332,332,0.2238443103941944,0.11859152656524648,1,0.2796787975992202,5.010481160807228
333,333,333,0.3035206761060253,0.4708085415219737,1,0.5816798431478618,0.997857983023348
334,334,334,-0.0980451208390804,0.33674354576622073,1,0.4543342421615151,4.808619929533002
335,335,335,0.1881155353874012,-0.10926492645234633,1,0.4473228872557253,4.771450055121036
336,336,336,-0.09755316566422713,0.09126214354441707,1,0.8207342620964065,4.839815904792548
337,337,337,0.3296909830117304,0.3584779230013645,1,0.9238783025113612,4.996209293881586
338,338,338,0.09206902166978914,0.4891932701357702,1,0.4813069660698819,4.984269471171944
339,339,339,0.5584155416746968,0.3708047679598766,1,0.6873517954472738,5.0276239852019975
340,340,340,0.1493717089819212,0.5221417670930313,1,0.8010587110273939,0.2723958026607546
341,341,341,0.41244738072871,0.4762795045316861,1,0.5183664103871639,4.937475407744283
342,342,342,0.12367686090516965,-0.2587056039446248,1,0.2943164089537353,4.926350882849425
343,343,343,0.6718173164080593,-0.008698297759650864,1,0.6380845977222838,5.055504794241044
344,344,344,0.2346860315729057,0.7947610374536287,1,0.5851091003060592,0.3465341756581186
345,345,345,0.3012294521718641,0.513456092461626,1,0.9015628197396104,5.06559244113725
346,346,346,-0.07219388680256983,-0.027073707293259697,1,0.05240703676985603,4.974334986451952
347,347,347,0.11481606130142676,0.5513184431709398,1,0.9101313871334668,4.996152334176105
348,348,348,0.1450808284621367,0.17880390598650625,1,0.5344320281653596,5.040431434332898
349,349,349,0.2468042617382457,0.5585327477596557,1,0.015676116049913924,5.050434357516299
350,350,350,-0.08898803981467429,0.10430156268910512,1,0.3447021787677881,0.9175394862588204
351,351,351,0.034967618738812906,0.5694503469599637,1,0.7243335638753198,0.7577342701180048
352,352,352,0.2322827192376911,0.7809121138065747,1,0.488433087935833,4.885601930040126
353,353,353,0.36514321684019424,0.3512656687218311,1,0.9801590374409924,4.928042614408205
354,354,354,0.4233272842437823,0.4042302235327834,0,-4.970492421669813,0.5674409403252657
355,355,355,0.021710386728831188,0.5014131519060608,1,0.3266352296260078,4.8769453954354605
356,356,356,0.015740903808624696,0.3106658404746269,1,0.8216719344295681,4.949309338516317
357,357,357,0.4128063602654679,0.3516542971118207,1,0.5479066993580314,0.4582788935837623
358,358,358,-0.021199458539599536,0.2820452575096583,1,0.6823265790625589,0.04807782123741844
359,359,359,0.3359047758131681,0.26724241341164656,1,0.8057023380386775,5.081233358934184
360,360,360,0.046232628379849684,0.2783640585913357,1,0.6714275461256203,0.1640043891105587
361,361,361,0.15239781764585072,0.3058298469377053,1,0.42240749476866457,5.0546271866943755
362,362,362,-0.212799281548401,0.2078288383500552,1,0.12479644789430068,4.890190203963744
363,363,363,-0.08708185343534566,0.6360971413424834,0,-5.096595385884187,0.8313036590972589
364,364,364,0.25387515646607084,0.5068834370292292,1,0.8974333267292596,0.16284904601703887
365,365,365,-0.01790698712577821,0.228100731894728,1,0.41889242651841496,5.051226672682597
366,366,366,-0.026550994497181526,0.18253887978114067,1,0.9107252348428404,5.008584310534245
367,367,367,0.5661475770038424,-0.05466591484607847,1,0.503527819782402,4.950607329291408
368,368,368,0.17123491843972655,0.1387984735866899,1,0.6208415624424766,0.9687912539451718
369,369,369,0.029264595126783262,0.19924549202704425,1,0.8329884760556429,4.859354034489637
370,370,370,-0.1937144071894647,0.16976949796031698,1,0.5645971096407215,0.08067386142081667
371,371,371,0.3844683680813379,0.37199945923788336,1,0.0909693392955635,0.7997301289520093
372,372,372,-0.12802423108389185,0.5103680841878833,1,0.9809794008003953,0.16217087308585842
373,373,373,0.01882012440493977,0.5436558839078739,1,0.2458493019128337,0.1945745242572069
374,374,374,-0.3564743632342232,0.4606330542823385,0,-5.165280364225285,0.8820359225258269
375,375,375,0.15453896742047646,0.06768034177708726,1,0.5051134386177387,4.982517662838222
376,376,376,0.08126208893131982,0.7391485879555704,1,0.4787726368177081,5.067994400611595
377,377,377,-0.019721802162620303,0.5639303194445057,1,0.24394081886689145,4.783690235160386
378,378,378,0.1089978822504567,0.2577095518691933,1,0.7221507657001041,0.8588569095636509
379,379,379,-0.0255177904156271,0.08519820152748125,1,0.11278826483098725,0.6053904805020363
380,380,380,-0.13207199272756656,0.4509463531405565,1,0.9904533093614852,0.5660884480631451
381,381,381,0.09448680532183797,0.4017683055753735,1,0.8453735371072039,4.960387680224856
382,382,382,0.08556353460366856,0.1751276905941214,1,0.5345089400057921,0.30128918764272283
383,383,383,-0.08704695359741513,0.3982542917308175,1,0.4245529560580095,0.6188670389389908
384,384,384,0.2949657235016375,0.35008156905145865,1,0.28646463245986764,5.225428369880496
385,385,385,-0.18296800392594026,0.3955292850622321,1,0.5015914709407675,5.06726367185681
386,386,386,-0.27516303701825096,0.42798233096230737,1,0.8794174620241679,5.025983249500348
387,387,387,-0.1724869981751934,0.02916775484321572,1,0.2750064007006836,4.926281483042908
388,388,388,-0.1192852384728784,0.32175640793302346,1,0.5005374588031359,0.6214276873514643
389,389,389,-0.4420973791913852,0.3695009680899226,1,0.2345499020670309,4.9321670162126034
390,390,390,0.1742643946649172,0.4846833561732042,1,0.3371491136649515,4.991671160430004
391,391,391,-0.009161220149201649,0.10945120297838397,1,0.1902605089233325,0.14131404979592044
392,392,392,-0.04404914514428153,0.40460271207277226,1,0.9905391939211878,5.160286362937714
393,393,393,-0.04144077340698478,0.4564363186970658,1,0.5714974464624556,5.0465589190894935
394,394,394,-0.4269623796816039,0.3604650983238067,1,0.7328151240366955,4.912784160222918
395,395,395,-0.3142688293153533,0.355401364200076,1,0.09824991345203672,5.117678696238387
396,396,396,-0.3497919020063951,0.6244248944146071,1,0.3661175500743158,0.8382864750148153
397,397,397,-0.3496485493628394,0.17849627280265806,1,0.8926398030473215,4.970740579284191
398,398,398,-0.1704011327392339,0.13906161781168694,1,0.08443832642394787,5.169734648101395
399,399,399,-0.2776341301272592,0.1845297525099531,1,0.16548322833961315,4.9433396975362305
400,400,400,0.0822344127779224,0.5035709268800102,1,0.6254176103511686,4.899673424309611
401,401,401,-0.21870470744233086,0.26390229362939943,1,0.6227889941042252,5.0174629577813565
402,402,402,-0.026147195076575896,0.41877198626538376,1,0.8382270444539296,0.5956690044386951
403,403,403,-0.1217461387607662,0.3279300488151897,1,0.9354927638714214,0.17408251105366568
404,404,404,-0.5659314326280591,0.3059664871415711,1,0.14198647542526374,5.098232698380031
405,405,405,-0.3416120847588028,0.4526178524419544,1,0.2593738185269995,0.17307226036346834
406,406,406,-0.03947115934611212,0.18702175825744485,1,0.4274614056932559,0.4624263902991456
407,407,407,-0.15478206525591365,0.6606531824674787,1,0.0009032855212496305,0.3968196917675796
408,408,408,-0.38851214001358747,0.6445896451249434,1,0.06981430295969493,5.10374447967309
409,409,409,-0.4318854110301715,0.307389973382293,1,0.22649127794102164,5.0159191766668805
410,410,410,-0.26988136491191145,0.2995577101649703,1,0.4811019640158117,4.901190331203138
411,411,411,-0.4413544507530645,0.17335083021567874,1,0.2515227381686128,4.949465927810212
412,412,412,-0.4134093934772259,0.35118159093401297,1,0.8766818922230479,4.798171813164578
413,413,413,-0.2197820489510589,0.7250542025529979,1,0.3242728755420111,0.7342962025844497
414,414,414,-0.017389649710340238,0.1718501939437797,1,0.9246228121426286,4.908687846243118
415,415,415,-0.2322840070317204,0.4670758387018953,1,0.97478726073471,4.982154318510274
416,416,416,-0.2966776573929989,0.24743992590665514,0,-4.993610380834983,0.09133379816877517
417,417,417,-0.29789030855633786,0.4284249216611615,1,0.22712881689932365,0.566261854280033
418,418,418,-0.4831414874913824,0.18332521834728932,1,0.2916661334230033,5.038900214065348
419,419,419,-0.22452533824038212,0.3041290602557811,1,0.7763336816594462,4.966054567853521
420,420,420,-0.2756902457787007,0.16115386765622866,1,0.27334970779259105,4.994302094502227
421,421,421,-0.13395252582497416,0.6550590765146804,1,0.3805828679202846,4.9603814555250185
422,422,422,-0.2518853975487985,0.1827212793873698,1,0.4785758584818498,0.5946476814330426
423,423,423,-0.18658311242189746,0.1065041906410008,1,0.5751111164699841,0.9286424880696136
424,424,424,-0.4920837730047819,0.21377255327199465,1,0.996100440301238,5.0751025304189765
425,425,425,-0.8629694881077643,-0.030790072730401737,1,0.2322097551635923,4.910088706157347
426,426,426,-0.42011504320171456,-0.07797630198885648,1,0.35342370324816885,5.0837547914146315
427,427,427,-0.5610100520709117,0.09796874655634333,1,0.262891177010511,5.196088081251392
428,428,428,-0.6868777628018871,0.09663971242200473,0,-5.011244375601929,0.5777309414098256
429,429,429,-0.4689848538929767,0.1753927583030324,1,0.10080451689462057,0.6018679759527085
430,430,430,-0.13458137695823644,0.19719554052889327,1,0.3598097672410472,5.047278965602193
431,431,431,-0.36453285636698746,0.17489712598698365,1,0.8878650314643884,0.3880990352069851
432,432,432,-0.32643203933107484,-0.056097908648082534,1,0.29858984784644904,4.9472908389775965
433,433,433,-0.3978678607509163,0.2011790672960488,1,0.3719347798490689,0.6522569349771614
434,434,434,-0.6519025446036045,0.304677243258604,1,0.9444741644379346,4.9463729855913225
435,435,435,-0.16414739962642347,-0.002668399939898758,1,0.7283789963268682,5.120983722218409
436,436,436,-0.43119535730344777,-0.0600253497842258,1,0.5167387148180483,4.8873410574128
437,437,437,-0.2453889300014997,-0.1046765292430754,1,0.7771927284034406,4.904619557972744
438,438,438,-0.4319286665000365,-0.07230802669559222,1,0.12317964885450396,4.883555154612954
439,439,439,-0.3792407057470062,-0.2675055062536817,1,0.4644903532208423,4.872148615947931
440,440,440,-0.12596671182038355,-0.10975660851414892,1,0.11823612873586632,0.434302471401024
441,441,441,-0.38093596366822025,0.03244791688022816,1,0.23361814501957998,4.895518368062015
442,442,442,-0.5468213172127017,-0.11084852864074604,1,0.1418672597402586,5.07899049417855
443,443,443,-0.20842922447470336,-0.04669490719542317,1,0.3618012391691393,0.4322795808512164
444,444,444,-0.3426118435983289,-0.11016608365315317,1,0.38163932039592585,0.4166242149819793
445,445,445,-0.5272450445168615,0.13626081532463125,1,0.9473085818332408,5.110228256458803
446,446,446,-0.21251544447757847,-0.0015921431324776927,1,0.26412573118752924,0.5219136802184949
447,447,447,-0.6835946656993961,0.4247074237617264,1,0.4724288453165169,4.930292692763981
448,448,448,-0.5709589936863853,-0.29156721844267763,1,0.8113794039634867,5.020733404604568
449,449,449,0.1189726441636922,-0.07242949081684459,1,0.8156175864366617,5.075915667510825
450,450,450,-0.6923465376522817,-0.13668795335773615,1,0.7503431870350202,0.03553847253434605
451,451,451,-0.3264032941854844,0.029685343565445374,1,0.2878337621400729,0.42025933959837536
452,452,452,-0.5699949714902615,0.3477944585339123,1,0.494971619411357,5.0100564203097155
453,453,453,-0.5035266269699833,-0.2620535258940356,1,0.18621159518672328,4.904505724238277
454,454,454,-0.20645846400766985,0.23234143197501045,1,0.18839952278280425,4.852959826486191
455,455,455,-0.5613073776705546,-0.32208084391492336,1,0.4358412131383109,5.101042755312551
456,456,456,-0.1907582270426702,-0.4595980160373139,1,0.7385922212429411,5.0496179412288384
457,457,457,-0.6410332650645185,0.13505601858508254,1,0.5265842599978379,5.057695589339866
458,458,458,-0.40546892443268,-0.11949496840497835,1,0.8866832208474523,4.889235309909896
459,459,459,-0.32235157899259986,-0.10550741054337147,1,0.8309087977775759,0.2609240084776018
460,460,460,-0.6509963847261404,0.17205039287413393,1,0.03160544282040556,0.2298495277936813
461,461,461,-0.12442875057190105,-0.05027383528867028,1,0.568419042866216,5.023497719288906
462,462,462,-0.3784064613650504,0.36844900633806976,1,0.6091612643556431,0.7873648145968252
463,463,463,-0.4405515957222308,-0.15948332461291412,1,0.9615751443000816,5.062899958745682
464,464,464,-0.3100315491647259,0.17865167245067926,1,0.02323662670886173,5.031403384364714
465,465,465,-0.06186845563456477,-0.17532132408533302,1,0.5311037709686289,0.16510812737192027
466,466,466,-0.3160842989031235,-0.4071633521082485,1,0.2047813619358524,4.925497678319231
467,467,467,-0.4373080173799993,-0.30748689802458723,1,0.053662906291589096,5.101226051006534
468,468,468,-0.5732769448150974,0.18906552217959446,1,0.5874885247317233,4.847236805182122
469,469,469,-0.5272025929966293,-0.26132741618313204,1,0.7726041436328025,5.092874192480694
470,470,470,-0.2922484254736688,0.09687039616439712,1,0.7748654492251879,5.108105594408707
471,471,471,-0.2657077957086408,0.3815593061782875,1,0.030288410155906775,5.157233031753521
472,472,472,-0.3732182997459951,-0.12611078362802167,1,0.40694640027158935,0.9674940497015918
473,473,473,-0.2993612968956747,0.10169146330988632,1,0.0445096271486205,0.8285706855726811
474,474,474,-0.24907488179562245,-0.21594740971811585,1,0.2478386469907697,4.965750780974957
475,475,475,-0.5359078804951515,-0.1511113088076734,1,0.19288070275794836,4.900056998343848
476,476,476,-0.06187673780581076,-0.2892871624808261,1,0.2151825792421572,5.079388036230838
477,477,477,-0.2319424465174897,-0.16510116025462976,1,0.3391184140345286,4.930078472091303
478,478,478,-0.16046456460777705,-0.3823073678249113,1,0.2774180418359983,5.004399551144399
479,479,479,0.1408697224518306,-0.4841176484794241,1,0.9622799113275984,0.009247106979528795
480,480,480,-0.3967170157471866,-0.04749559273585996,1,0.3524071200093821,0.7524914090061574
481,481,481,-0.259265332710856,-0.07584241412872914,1,0.8941725152929719,0.006237766446710369
482,482,482,-0.4126978497268485,-0.2634201086473922,0,-4.893407318128312,0.9843017276705566
483,483,483,-0.3057589003825524,0.058882327007705175,1,0.7637468671882143,0.4169672019956985
484,484,484,-0.16471221738409295,-0.10203381992310777,1,0.06134553602464276,4.968253778283993
485,485,485,-0.4288431486983169,-0.07387571483093303,1,0.4627612294693413,0.3677468090306375
486,486,486,-0.246471118254804,0.004010220764110117,1,0.0055104402355259366,4.909792802858691
487,487,487,0.11702295913057215,-0.341218491410747,1,0.8102907630694359,0.3162919638346049
488,488,488,-0.3611259622943588,-0.4585980700735952,1,0.950486036037784,5.032099946618488
489,489,489,-0.3025347447147397,-0.3679925407586413,1,0.035107370827145656,4.8607984083441975
490,490,490,-0.1957513626293414,-0.3261712935777048,1,0.9338463614733143,5.059220568164403
491,491,491,-0.33368809775236624,-0.08988099503513214,1,0.7738538914913531,0.5905726936267424
492,492,492,-0.4425456421297665,-0.2215837064800468,0,-5.138174500949498,0.9699110259492696
493,493,493,-0.3296474575490209,-0.168603681956343,1,0.9088765512228052,4.903306891154328
494,494,494,0.03521266339949592,-0.3792316178944929,1,0.29625727125090096,4.826826865353207
495,495,495,-0.14690751946235905,-0.28784822460334303,1,0.409295312234762,0.9557820535760178
496,496,496,-0.3881699069823922,-0.2803021817050938,1,0.09671126219202164,4.994989254120972
497,497,497,-0.16353251864157525,-0.2505943321948048,1,0.6569389619001441,0.027863724123105667
498,498,498,-0.254010497355608,-0.31889271013877657,0,-5.1400256208127955,0.943864577328552
499,499,499,-0.4367329927178792,-0.413768519160174,1,0.4849052751990373,5.043163385281122
500,500,500,-0.08880746405804057,-0.16791538404746928,1,0.6831918502525338,5.057693459705322
501,501,501,-0.27716443446574063,-0.3295798661308884,0,-5.160732015923407,0.4424158153889981
502,502,502,-0.13970774902313138,-0.31418544235159923,1,0.14994138962166215,5.081835373082716
503,503,503,-0.06969935461389325,-0.721900230172479,1,0.7540903662487174,4.764635960030959
504,504,504,-0.1801765306555437,-0.3141241007370548,1,0.7190770235550296,4.899485556904334
505,505,505,-0.36276072702106144,-0.030621041654898262,1,0.5595705341197842,0.7745664242016155
506,506,506,-0.12269438113320767,-0.05606431162961428,1,0.584644597787864,0.485096845431291
507,507,507,-0.30535442544048685,-0.553370618660366,1,0.09127072085677812,0.6484137022418283
508,508,508,-0.09457837473558978,-0.7106504683624879,1,0.6004710432403803,5.010665229450304
509,509,509,-0.08855354057021485,-0.3583067016944088,1,0.3815222070708323,5.151900327993615
510,510,510,0.07952625855844124,-0.240214338285042,1,0.8675808513416469,0.0017378267846723805
511,511,511,-0.19910818875479566,-0.6024271299668758,1,0.3130988817359902,5.078374449367472
512,512,512,0.2348931160225529,-0.5436880308320933,0,-4.910213582679688,0.36366044110441603
513,513,513,-0.3085808662798353,-0.6044044763437415,1,0.4265713997011944,0.0611974471035418
514,514,514,0.13212071506307027,-0.4932116020342344,1,0.8762619382503131,4.913383120099253
515,515,515,-0.2339055695632241,-0.3637210751128528,1,0.253916666989189,5.03053207550125
516,516,516,-0.11634146794574846,-0.5285339924487248,1,0.07880236030946043,0.9202335372777396
517,517,517,0.08409079470925486,-0.181335316408603,1,0.7486557209831396,5.102416493277307
518,518,518,0.1386302903630084,-0.2423249992529555,1,0.4128966169083215,0.7063512805336583
519,519,519,0.0303918128002852,-0.7520234805181569,1,0.5890983591262915,5.024461036132947
520,520,520,0.29203877596833205,-0.3374109160757987,1,0.02638933171335112,4.9220076751075
521,521,521,0.088160148187202,-0.17560467911032127,1,0.952109791397402,5.008907620249657
522,522,522,0.26155429276467274,-0.3155310891094701,1,0.8776183773849765,0.2853360246254137
523,523,523,0.07035897036745077,-0.5194939875314872,1,0.6238679005772775,4.987084651753988
524,524,524,-0.0017590177255910073,-0.5707445255528092,1,0.017029842112618043,5.0264738757755705
525,525,525,-0.14398810642837906,-0.5787148804628383,1,0.3779764739828766,0.35150958111822106
526,526,526,-0.02282781024611493,-0.19009363580593616,1,0.9787965377421488,4.833815163278175
527,527,527,0.6509452161497158,-0.3617492045299607,1,0.6813303587402346,5.055078861410274
528,528,528,-0.2445664097394989,-0.14621402540005746,1,0.16098786131341913,5.0595423156763735
529,529,529,-0.02668563796227961,-0.5307188624952002,1,0.4605967486545006,0.6522451880766583
530,530,530,0.08378128089167226,-0.6459336780585551,1,0.966737743843486,0.2803092350505634
531,531,531,0.0946259262274427,-0.4145209851656223,1,0.5347081744165934,0.0979187987907415
532,532,532,0.0781087927880596,-0.3194256823433612,1,0.02461452802982456,5.044485343818652
533,533,533,0.08020595013460194,-0.3911307980056236,1,0.6197720842759777,4.9996237182854975
534,534,534,0.13181542963387866,-0.30983477505725016,1,0.2712165309311598,4.819406373739658
535,535,535,-0.12313181573594813,-0.6772572920306121,1,0.09884595187690436,4.998067720802874
536,536,536,0.07901273760981922,-0.6759786591360857,1,0.40290844473189297,0.682429573367613
537,537,537,0.11698224905027582,-0.1996838893149905,1,0.5585230974322448,0.7683611440976326
538,538,538,0.2289902626293153,-0.5948991080841579,1,0.017040718047802716,5.106071499934217
539,539,539,-0.05643977161371538,-0.31726754001267593,1,0.5590468086359475,4.913987112370754
540,540,540,0.043347236723276894,-0.4437536655284829,1,0.5112031468396374,4.801073053383871
541,541,541,0.25092795494502385,-0.5752078867865229,1,0.7939083830987601,4.845944202812929
542,542,542,0.05918187694648922,-0.5349292910136769,1,0.4235498168153972,0.9641009397724624
543,543,543,-0.061376078533200124,-0.5433262320895336,1,0.5534504296698862,5.0314025691820605
544,544,544,0.2904986684501232,-0.3583811827389161,1,0.7420093040571263,5.037287600885244
545,545,545,-0.013137468536695064,-0.4116385045756398,0,-4.982531990710183,0.1895738658444951
546,546,546,-0.15744974479840684,-0.5085933825031411,1,0.3800345760236875,5.088629319462147
547,547,547,0.6077689786474282,-0.37633347402891537,1,0.6016334957831465,4.994474100427035
548,548,548,0.3316501994540229,-0.3675791067213826,1,0.6946109034163818,4.849967162402144
549,549,549,0.2623353166890477,-0.2178710540817108,1,0.043270676442196176,0.23787517257520274
550,550,550,-0.02092331950529444,-0.3525974129685674,1,0.8007605084861348,0.4031873370680834
551,551,551,0.5229838426325497,-0.501245814074861,1,0.37743018521539373,4.918149585940633
552,552,552,0.10104274724515457,-0.3992694256742066,1,0.6702389414436098,0.8865051551042046
553,553,553,0.2751614343325869,-0.22818492355486336,1,0.471664066204949,5.081883937259935
554,554,554,0.4817677580375038,-0.2285600369597499,1,0.7023391426917073,0.4344416552185302
555,555,555,0.2227034757573224,-0.07177337182781622,1,0.7243309792357789,5.014049590743948
556,556,556,0.3826618503732662,-0.6177478704610819,1,0.19157101348646727,0.6142243316266857
557,557,557,0.7537327601825234,0.04050689470901053,1,0.6621742342864505,0.3226629649849716
558,558,558,0.2213267513460609,-0.23262327676262085,1,0.8513234378820872,0.6913108812107946
559,559,559,0.5262399915952097,-0.3372381808000794,1,0.2355672005049748,0.4956999226830051
560,560,560,0.4137226006189471,-0.07634223547666255,1,0.7581834698938779,0.8811676940681722
561,561,561,0.07085366082458698,-0.4120538216851374,1,0.6338251131552236,5.0649829634679975
562,562,562,0.4641470157674623,-0.19362617642335536,1,0.9551260344725638,0.3673504001211696
563,563,563,0.4705483839159105,-0.30637893913609004,1,0.2602465772917608,0.5623390508601441
564,564,564,0.23378640877771795,-0.6735467374881501,1,0.15427777765800355,5.043478880546104
565,565,565,0.06805784488946881,-0.2582390236118448,1,0.3121210152816999,4.979503944826972
566,566,566,0.4677094661735498,-0.1551325682889032,1,0.2579587781979187,0.9923469623196748
567,567,567,0.28255690230477515,-0.3093239091976155,1,0.7568327604735129,0.8325885178221839
568,568,568,0.35691330945799193,-0.2328168758928937,1,0.7331093038467983,4.982599316249197
569,569,569,0.5995210701976208,-0.2125514918493002,1,0.6696849008553338,5.185710226975586
570,570,570,0.027357605310519284,-0.4896257279234527,1,0.2163791144584878,5.0414674266609225
571,571,571,0.6322115510461975,-0.4625175193637889,1,0.8618068074390897,0.3895847786777201
572,572,572,0.4860679868907463,-0.27503116673921424,1,0.9565715558589276,0.2933808932668152
573,573,573,0.3037795114203088,-0.2411572745452829,1,0.5316058181086445,4.987141244968363
574,574,574,0.5864226959560421,-0.2457791694580453,1,0.6493727306293858,5.045541999093682
575,575,575,0.3397463049447448,-0.5061606994798987,1,0.5006920990205621,0.9567513987490006
576,576,576,0.39186077435914596,-0.08649296824507452,0,-5.072431131923112,0.9866223213334914
577,577,577,0.4023105478232432,0.09426083816940224,1,0.2861476039966042,5.022290581962428
578,578,578,0.3693189750518114,-0.11805858045016775,1,0.3134205227349132,0.3514687077474851
579,579,579,0.6916316230400437,-0.4803145544976588,1,0.190850004164154,0.511806560066037
580,580,580,0.2742531134971664,0.12253709317353285,1,0.9019236326293176,4.7842643626505525
581,581,581,0.5559710902976167,-0.019330214812747243,1,0.8583981340466859,5.065008451437231
582,582,582,0.5384407422481962,-0.08183657924966704,1,0.4616393613188368,0.9360590205048064
583,583,583,0.701232281303211,-0.06387698498258261,1,0.3672514125601705,5.182093927408968
584,584,584,0.425723969274048,-0.0997549238703049,1,0.9390783565470986,4.921972013160993
585,585,585,0.4189953976281385,-0.3550102539131529,1,0.2223734692328101,5.1454035748839155
586,586,586,0.5370624099054955,-0.14170066553445435,1,0.5535419594668016,0.7314502491590121
587,587,587,0.7496480462911443,-0.12269802236379125,1,0.05449815554216264,4.974313030266809
588,588,588,0.4716169212865837,-0.05015551761367525,1,0.191202197017449,0.3059655905538909
589,589,589,0.2643201541274134,0.10708701765943847,1,0.6040269333595097,5.029347139764981
590,590,590,0.7722717684055258,-0.0861201202590729,0,-5.237219387151302,0.8726019267536065
591,591,591,0.3328191431743909,-0.14595827204536505,1,0.5809958186732397,5.107036001697319
592,592,592,0.015926036164733703,-0.1022701274270436,1,0.8696014159992898,4.927999856870919
593,593,593,0.4459085563868601,0.15251837361109155,0,-5.10987684566673,0.999931147018816
594,594,594,0.5888554287557767,-0.13343310991306034,1,0.7638618421529112,5.124249391281847
595,595,595,0.3424441591925316,0.1829696758158261,1,0.4650917841437589,4.8785782718640665
596,596,596,0.3639043642852259,-0.13547704528404975,1,0.8339346694541027,4.912484525108608
597,597,597,0.6777143812581632,0.18240092559840115,1,0.12038739416600165,0.9539157073856088
598,598,598,0.4034074903943949,-0.13550575104741347,1,0.6832706964459297,4.940647968265248
599,599,599,-0.0024637904590035786,0.10956375316160173,1,0.518337787453434,0.7080112400693306
